{"cameraMode":{"drawMode":0,"name":"Shaded","section":"Shading Mode"},"sceneLighting":true,"audioPlay":false,"sceneViewState":{"m_AlwaysRefresh":false,"showFog":true,"showSkybox":true,"showFlares":true,"showImageEffects":true,"showParticleSystems":true,"showVisualEffectGraphs":true,"m_FxEnabled":true},"in2DMode":false,"pivot":{"x":3.7234411239624025,"y":0.5890457034111023,"z":-0.1313157081604004},"rotation":{"x":0.016540732234716417,"y":-0.8844238519668579,"z":-0.031282179057598117,"w":-0.4655072093009949},"size":0.628145158290863,"orthographic":false}